<?xml version="1.0" encoding="UTF-8" ?>
<document>
<!--The data in this file is primarily intended for consumption by Xilinx tools.
The structure and the elements are likely to change over the next few releases.
This means code written to parse this file will need to be revisited each subsequent release.-->
<application name="impact" timeStamp="Tue Feb 11 13:40:43 2020">
<section name="Project Information" visible="false">
<property name="ProjectID" value="49b0fa5d9ee04e9a9d1b1f63e6009f28"/>
<property name="ProjectIteration" value="1"/>
</section>
<section name="iMPACT Project Info" visible="true">
<property name="Use Project File" value="No"/>
<property name="Project Entry" value="ise"/>
<property name="OS Name" value="Fedora"/>
<property name="OS Release" value="Fedora release 30 (Thirty)"/>
<property name="User Lic. Info" value="210756416_0_0_154"/>
</section>
<section name="iMPACT Boundary Scan Mode" visible="true">
<item name="Chain Summary">
<property name="Number of device" value="2"/>
<property name="Number of Xilinx device" value="2"/>
<property name="Number of Non-Xilinx device" value="0"/>
</item>
<item name="Chain Description">
<property name="Device1" value="spartan3"/>
<property name="Part1" value="xc3s200"/>
<property name="Device2" value="xcf"/>
<property name="Part2" value="xcf02s"/>
</item>
<item name="Boundary Scan Operations Statistics">
<property name="BSCAN Operation" value="Program -p 0
"/>
</item>
<item name="Cable Summary">
<property name="Cable Type" value="JTAG-USB Cable"/>
<property name="Cable Speed" value="1600000"/>
<property name="Port" value="Plugin Cable"/>
<property name="Local_Server_Mode" value="Local"/>
</item>
</section>
</application>
</document>
